{"cameraMode":{"drawMode":0,"name":"Shaded","section":"Shading Mode"},"sceneLighting":false,"audioPlay":false,"sceneViewState":{"showFog":true,"showMaterialUpdate":false,"showSkybox":false,"showFlares":true,"showImageEffects":true,"showParticleSystems":true},"in2DMode":false,"pivot":{"x":11.890000343322754,"y":0.5399999618530273,"z":2.5},"rotation":{"x":0.036249201744794849,"y":-0.9365742802619934,"z":0.33342087268829348,"w":0.10182107239961624},"size":2.8578836917877199,"orthographic":false}